{
	"name": "Image Decoding",
	"description": "This plugin allows you to add a decoding attribute to content images.",
	"license": "GPL-3.0",
	"author": "TidyCustoms",
	"version": "2.0.0",
	"scope": "site",
	"minimumPubliiVersion": "0.46.0",
	"usePluginSettingsView": false,
    "config": [
    	{
            "name": "decodingMode",
            "label": "Decoding attribute",
            "group": "Configuration",
            "type": "radio",
            "value": "async",
            "options": [
                {
                    "label": "async",
                    "value": "async"
                },
                {
                    "label": "sync",
                    "value": "sync"
                },
                {
                    "label": "auto",
                    "value": "auto"
                }
            ],
            "note": "For more details please visit the Useful Angle <a href=\"https://usefulangle.com/post/277/img-decoding-attribute\" target=\"_blank\" rel=\"nofollow noopener noreferrer\">website</a>."
        },
        {
            "name": "scope",
            "label": "Apply to",
            "group": "Advanced",
            "type": "radio",
            "options": [
              {
                "label": "Post images",
                "value": "post"
              },
              {
                "label": "Page images",
                "value": "page"
              },
              {
                "label": "Both post and page images",
                "value": "both"
              }
            ],
            "value": "both"
          }
    ]
}