{
	"name": "Syntax Highlighter",
	"description": "This plugin adds syntax highlighting functionality to your websites using Prism.js",
	"license": "GPL-3.0",
	"author": "TidyCustoms",
	"version": "2.0.0",
	"scope": "site",
	"minimumPubliiVersion": "0.46.2",
	"assets": {
		"front": [
			"prism.js",
			"prism-line-numbers.min.js",
			"clipboard.min.js",
			"prism-copy-to-clipboard.min.js",
			"prism-inline-color.min.js",
			"prism-autolinker.min.js",
			"prism-show-invisibles.min.js",
			"prism-white.css",
			"prism-violet.css",
			"prism-beige.css",
			"prism-gray.css",
			"prism-brown.css",
			"prism-black.css",
			"prism-inline-color.css"
		]
	},
	"config": [
		{
			"name": "theme",
			"label": "Theme",
			"note": "This option enables you to select a color theme for syntax highlighting. ",
			"group": "Theme configuration",
			"value": "black",
			"type": "select",
			"options": [
				{
					"label": "Beige",
					"value": "beige"
				},
				{
					"label": "Black",
					"value": "black"
				},
				{
					"label": "Brown",
					"value": "brown"
				},
				{
					"label": "Gray",
					"value": "gray"
				},
				{
					"label": "Violet",
					"value": "violet"
				},
				{
					"label": "White",
					"value": "white"
				}
			]
		},
		{
			"name": "showLineNumbers",
			"label": "Show line numbers",
			"note": "This option enables line numbers in the code blocks. When enabled, each line of code will have a corresponding line number.",
			"group": "Display options",
			"value": false,
			"type": "checkbox"
		},
		{
			"name": "enableCopyToClipboard",
			"label": "'Copy to Clipboard' button",
			"note": "This option enables a 'Copy to Clipboard' button on each code block, allowing users to easily copy code snippets.",
			"group": "Display options",
			"value": false,
			"type": "checkbox"
		},
		{
			"name": "enableInlineColorPreview",
			"label": "Inline color preview",
			"note": "This option adds a small inline preview for colors in style sheets.",
			"group": "Display options",
			"value": false,
			"type": "checkbox"
		},
		{
			"name": "enableAutoLinker",
			"label": "Auto linking",
			"note": "This option converts URLs and emails in code into clickable links.",
			"group": "Display options",
			"value": false,
			"type": "checkbox"
		},
		{
			"name": "enableShowInvisibles",
			"label": "Show hidden characters",
			"note": "This option reveals hidden characters such as tabs and line breaks in your code.",
			"group": "Display options",
			"value": false,
			"type": "checkbox"
		},
		{
			"name": "loadOn",
			"label": "Load on",
         "note": "Choose where to load syntax highlighting scripts. The 'All pages' option does not include '404' and 'Search' pages, as these do not typically contain code snippets.",
			"group": "Advanced options",
			"value": "postsAndPages",
			"type": "radio",
			"options": [
				{
					"label": "Posts",
					"value": "posts"
				},
				{
					"label": "Pages",
					"value": "pages"
				},
				{
					"label": "Posts and Pages",
					"value": "postsAndPages"
				},
				{
					"label": "All pages",
					"value": "all"
				}
			]
		}
	]
}