{
	"partials": {

		"menu": {
			"label": "Menu"
		},

		"top": {			
			"lastUpdated": "Last Updated: "
		},

		"pagination": {
			"prev": "Previous",
			"next": "Next"
		},

		"shareButtons": {
			"shareWithFacebook": "Share with Facebook",
			"shareWithTwitter": "Share with Twitter",
			"shareWithWhatsapp": "Share with WhatsApp",
			"shareWithPinterest": "Share with Pinterest",
			"shareWithMix": "Share with Mix",
			"shareWithLinkedIn": "Share with LinkedIn",
			"shareWithBuffer": "Share with Buffer"
		},

		"sidebar": {
			"featured": "Featured",
			"follow": "Follow us",
			"authors": "Authors",
			"authorsPost": "Post: ",
			"tags": "Tags",
			"newsletter": "Newsletter",
			"newsletterDesc": "Sign up to receive email updates and to hear what's going on with us!",
			"newsletterSubscribe": "subscribe"
		}
	},

	"listing": {
		"advertisement": "Advertisement"
	},

	"post": {
		"publishedBy": "By",
		"relatedPosts": "Related posts",
		"readMore": "Read more",
		"lastUpdatedDate": "This article was updated on",
		"comments": "Comments",
		"previousPost": "Previous Post",
		"nextPost": "Next Post"
	},

	"page": {
		"childPages": "Child pages"
   },

	"tags": {
		"tagsPageTitle": "Collection of all %s tags",
		"post": {
			"1": "Post",
			"default": "Posts"
	  }
  },

  "author": {
		"visitWebsite": "Visit website"
  },

	"error": {
		"404": "404",
		"message1": "Ooops, something went wrong",
		"message2": "Unfortunately, the page you've requested cannot be displayed"
	},	

    "search": {
        "title": "Search"
    }
}
