{
  "name": "Come Back Browser Tab",
  "description": "Change the browser tab title when the user switches to another tab.",
  "version": "1.0.0",
  "license": "GPL-3.0",
  "author": "TidyCustoms",
  "minimumPubliiVersion": "0.43.0",
  "scope": "site",
  "config": [
    {
      "name": "awayTitle",
      "label": "Away title",
      "type": "text",
      "value": "👀 We miss you! Come back!",
      "note": "The tab title that will appear when the user switches to another tab or window."
    },
    {
      "name": "returnTitle",
      "label": "Return title",
      "type": "text",
      "value": "🎉 Welcome back!",
      "note": "The tab title that will appear when the user returns to this tab."
    },
    {
      "name": "delay",
      "label": "Delay before showing away title (ms)",
      "type": "number",
      "value": 0,
      "min": 0,
      "max": 10000,
      "note": "Time to wait (in milliseconds) before changing the tab title to the away title. Use 0 for immediate change."
    },
    {
      "name": "returnDelay",
      "label": "Delay before showing return title (ms)",
      "type": "number",
      "value": 0,
      "min": 0,
      "max": 10000,
      "note": "Time to wait (in milliseconds) before displaying the return title after the user comes back. Use 0 for immediate display."
    },
    {
      "name": "returnTitleDuration",
      "label": "Duration of return title (ms)",
      "type": "number",
      "value": 2000,
      "min": 0,
      "max": 30000,
      "note": "How long the return title should remain visible before restoring the original tab title."
    }
  ]
}
