{
    "name": "DocSearch",
    "description": "This plugin lets site owners easily add DocSearch to their site.",
    "license": "GPL-3.0",
    "author": "TidyCustoms",
    "version": "1.0.0",
    "scope": "site",
    "minimumPubliiVersion": "0.40.0",
    "usePluginSettingsView": false,
    "requiredFeatures": ["customSearch"],
    "assets": {
		"front": [
			"docsearch.min.js",
			"docsearch.min.css"	
		]
	},
    "messageInOptions": {
        "type": "info",
        "text": "To use the search feature, make sure that the 'Search' option is enabled in the Theme settings under the Search tab."
    },
    "config": [
        {
            "name": "separator",
            "type": "separator",
            "label": "",
            "group": "Search configuration",
            "note": "For information on how to find your Application ID or API Key, please visit the plugin's <a href='https://getpublii.com/docs/docsearch.html' target='_blank'>documentation.</a>",
            "size": "no-line"
        },
        {
            "name": "appId",
            "label": "Application ID",
            "note": "",
            "group": "Search configuration",
            "value": "",
            "type": "text"
        },
        {
            "name": "apiKey",
            "label": "API Key",
            "note": "",
            "group": "Search configuration",
            "value": "",
            "type": "text"
        },
        {
            "name": "indexName",
            "label": "Index name",
            "note": "",
            "group": "Search configuration",
            "value": "",
            "type": "text"
        },
        {
            "name": "cookieBannerIntegration",
            "label": "",
            "note": "Enabling this option will integrate this plugin with Publii's native Cookie Banner, allowing visitors to consent to cookies installed by DocSearch. This option is recommended if you want to ensure compliance with privacy regulations.",
            "group": "Cookie Banner integration",
            "type": "checkbox",
            "value": false
        },
        {
            "name": "cookieBannerGroup",
            "label": "Cookie Group ID",
            "note": "Please specify which Cookie Group ID of the Cookie Banner you wish to associate with the DocSearch script. If it does not exists, add a new Cookie Group Name with the Cookie Group ID specified above in the Privacy Settings section of the Site Settings. For more details please visit our  <a href='https://getpublii.com/docs/gdpr-cookie-banner-configuration.html#cookie-groups' target='_blank' rel='nofollow noopener noreferrer'> documentation.</a>",
            "group": "Cookie Banner integration",
            "placeholder": "functionality",
            "type": "text",
            "value": "",
            "dependencies": [
                {
                    "field": "cookieBannerIntegration",
                    "value": true
                }
            ]
        }
    ]
}