{
  "name": "External Links",
  "description": "The External Links Modifier plugin enhances external links on Publii websites with several customizable features. It allows you to add icons to external links, apply the rel attributes, and include additional CSS classes and titles. This plugin provides comprehensive control and styling options for external links, including the ability to adjust the position of icons relative to the link text.",
  "license": "GPL-3.0",
  "author": "TidyCustoms",
  "version": "2.3.0",
  "scope": "site",
  "minimumPubliiVersion": "0.46.0",
  "useCustomCssForOptions": true,
  "config": [
    {
      "name": "iconChoice",
      "label": "Select Icon",
      "group": "General Settings",
      "value": "extlink-icon-1",
      "type": "radio",
      "options": [
        {
          "label": "No Icon",
          "value": "no-icon"
        },
        {
          "label": "",
          "value": "extlink-icon-1"
        },
        {
          "label": "",
          "value": "extlink-icon-2"
        },
        {
          "label": "",
          "value": "extlink-icon-3"
        },
        {
          "label": "",
          "value": "extlink-icon-4"
        },
        {
          "label": "",
          "value": "extlink-icon-5"
        },
        {
          "label": "",
          "value": "extlink-icon-6"
        },
        {
          "label": "",
          "value": "extlink-icon-7"
        },
        {
          "label": "",
          "value": "extlink-icon-8"
        },
        {
          "label": "",
          "value": "extlink-icon-9"
        },
        {
          "label": "",
          "value": "extlink-icon-10"
        },
        {
          "label": "",
          "value": "extlink-icon-11"
        },
        {
          "label": "",
          "value": "extlink-icon-12"
        }
      ]
    },
    {
      "name": "separator",
      "type": "separator",
      "label": "",
      "group": "General Settings",
      "size": "small thin"
    },
    {
      "name": "iconPosition",
      "label": "Icon Position",
      "group": "General Settings",
      "type": "radio",
      "options": [
        {
          "label": "Before link",
          "value": "before"
        },
        {
          "label": "After link",
          "value": "after"
        }
      ],
      "value": "after"
    },
    {
      "name": "scope",
      "label": "Apply to",
      "group": "General Settings",
      "type": "radio",
      "options": [
        {
          "label": "Entire site",
          "value": "site"
        },
        {
          "label": "Post content ",
          "value": "post"
        },
        {
          "label": "Page content ",
          "value": "page"
        },
        {
          "label": "Both post and page content",
          "value": "both"
        }
      ],
      "value": "post"
    },
    {
      "name": "addNofollow",
      "label": "Add 'nofollow' Attribute",
      "group": "Link Attributes",
      "type": "checkbox",
      "value": false
    },
    {
      "name": "addNoopener",
      "label": "Add 'noopener' Attribute",
      "group": "Link Attributes",
      "type": "checkbox",
      "value": false
    },
    {
      "name": "addNoreferrer",
      "label": "Add 'noreferrer' Attribute",
      "group": "Link Attributes",
      "type": "checkbox",
      "value": false
    },
    {
      "name": "addSponsored",
      "label": "Add 'sponsored' Attribute",
      "group": "Link Attributes",
      "type": "checkbox",
      "value": false
    },
    {
      "name": "addUgc",
      "label": "Add 'ugc' Attribute",
      "group": "Link Attributes",
      "type": "checkbox",
      "value": false
    },
    {
      "name": "overrideRel",
      "label": "Override 'rel' Attribute",
      "group": "Link Attributes",
      "type": "checkbox",
      "value": false,
      "note": "If enabled, the existing 'rel' attributes will be overridden with selected above 'rel' values for all external links."
    },
    {
      "name": "separator",
      "type": "separator",
      "label": "",
      "group": "Link Attributes",
      "size": "small thin"
    },
    {
      "name": "linkTitle",
      "label": "Link Title Attribute",
      "group": "Link Attributes",
      "type": "text",
      "value": "",
      "note": "Add a title attribute to links. If a title is specified, it will override any existing title. If left blank, no title will be added unless one is already present."
    },
    {
      "name": "additionalClass",
      "label": "Additional CSS Class for Links",
      "group": "Styling Settings",
      "placeholder": "customName",
      "type": "text",
      "value": ""
    }, 
    {
      "name": "iconMargin",
      "label": "Icon Margin",
      "group": "Styling Settings",
      "type": "text",
      "value": "5px",
      "note": "Specify the margin between the icon and the link text. Example values: '5px', '.3em'. Default is '5px'."
    },
    {
      "name": "iconSize",
      "label": "Icon Size",
      "group": "Styling Settings",
      "type": "text",
      "value": "16px",
      "note": "Specify the size of the icon, e.g., '16px', '1.5rem'. "
    },
    {
      "name": "iconVerticalPosition",
      "label": "Icon Vertical Position",
      "group": "Styling Settings",
      "type": "range",
      "value": "0",
      "min": "-20",
      "max": "20",
      "step": "1",
      "unit": "px",
      "note": "Adjust the vertical position of the icon from -20px to 20px. Positive values move the icon down, while negative values move it up."
    },
    {
      "name": "iconColorSelect",
      "label": "Icon color",
      "group": "Styling Settings",
      "value": "currentColor",
      "type": "select",
      "options": [
        {
          "label": "Match link color",
          "value": "currentColor"
        },
        {
          "label": "Custom color",
          "value": "custom"
        }
      ]
    },
    {
      "name": "iconColor",
      "label": "Custom color",
      "group": "Styling Settings",
      "value": "#3366cc",
      "type": "colorpicker",
      "dependencies": [
        {
          "field": "iconColorSelect",
          "value": "custom"
        }
      ]
    },
    {
      "name": "excludeSelectors",
      "label": "Exclude Selectors",
      "group": "Advanced Settings",
      "type": "textarea",
      "value": "",
      "note": "Specify CSS classes and IDs to exclude, one per line. Example: btn"
    }
  ]
}