{
	"name": "Umami Analytics Integration",
	"description": "This plugin lets site owners easily add Umami Analytics code to their sites.",
	"license": "GPL-3.0",
	"author": "TidyCustoms",
	"version": "1.0.1",
	"scope": "site",
	"minimumPubliiVersion": "0.39.0",
	"usePluginSettingsView": false,
    "messageInOptions": {
        "type": "info",
        "text": "Please remember that this plugin does not output the analytics code in preview mode by default. You can change this behavior using the 'Output code in Preview Mode' option."
    },
    "config": [
        {
            "name": "dataWebsiteID",
            "label": "Data website ID",
            "group": "Configuration",
            "value": "",
            "type": "text"
        },
        {
            "name": "dataHost",
            "label": "Data host",
            "note": "Provide the full URL to the 'umami.js' file.",
            "group": "Configuration",
            "placeholder": "https://mywebsite.com/scripts/umami.js",
            "value": "",
            "type": "text"
        },
        {
            "name": "dataAutoTrack",
            "label": "Auto Track",
            "note": "Umami automatically tracks all of pageviews and events by default. You can disable this behavior and track events yourself using the tracker functions. For more details please visit the <a href='https://umami.is/docs/tracker-functions' target='_blank' rel='nofollow noopener noreferrer'>Umami documentation. </a> ",
            "group": "Advanced options",
            "type": "checkbox",
            "value": true
        },
        {
            "name": "doNotTrack",
            "label": "Do Not Track",
            "note": "Enable this option to respect the visitor's \"Do Not Track\" setting",
            "group": "Advanced options",
            "type": "checkbox",
            "value": true
        },
        {
            "name": "cache",
            "label": "Cache",
            "note": "Enable this option if you want to cache some data to increase the performance of your website's tracking script if you get a lot of traffic from the same user.",
            "group": "Advanced options",
            "type": "checkbox",
            "value": false
        },
        {
            "name": "dataHostURL",
            "label": "Data host URL",
            "note": "By default, Umami will send your data to the script's location. You can override this by setting a different location.",
            "group": "Advanced options",
            "placeholder": "http://stats.mywebsite.com",
            "value": "",
            "type": "text"
        },
        {
            "name": "dataDomains",
            "label": "Domains",
            "note": "To make a tracker run only in certain domains, add them to your tracker script. A comma-delimited list of domain names will help if you are working in a staging/development environment.",
            "group": "Advanced options",
            "placeholder": "mywebsite.com,mywebsite2.com",
            "value": "",
            "type": "text"
        },
        {
            "name": "previewMode",
            "label": "Output code in Preview Mode",
            "note": "Enable this option only when checking or debugging analytics code generation. Leaving this option enabled can lead to false tracking data being generated when browsing your website in preview mode.",
            "group": "Configuration",
            "type": "checkbox",
            "value": false
        },
        {
            "name": "cookieBannerIntegration",
            "label": "",
            "note": "Enabling this option will integrate this plugin with Publii's native Cookie Banner, allowing visitors to consent to cookies installed by Umami Analytics. This option is recommended if you want to ensure compliance with privacy regulations.",
            "group": "Cookie Banner integration",
            "type": "checkbox",
            "value": false
        },
        {
            "name": "cookieBannerGroup",
            "label": "Cookie Group ID",
            "note": "Please specify which Cookie Group ID of the Cookie Banner you wish to associate with the Umami Analytics script. If it does not exists, add a new Cookie Group Name with the Cookie Group ID specified above in the Privacy Settings section of the Site Settings. For more details please visit our  <a href='https://getpublii.com/docs/gdpr-cookie-banner-configuration.html#cookie-groups' target='_blank' rel='nofollow noopener noreferrer'> documentation.</a>",
            "group": "Cookie Banner integration",
            "placeholder": "analytics",
            "type": "text",
            "value": "",
            "dependencies": [
                {
                    "field": "cookieBannerIntegration",
                    "value": true
                }
            ]
        }
    ]
}