{
    "name": "Reading Time",
    "description": "Adds estimated reading time directly into post HTML at render stage. Fully configurable counting rules and placement. No locale; all plural templates are available.",
    "license": "MIT",
    "author": "TidyCustoms",
    "version": "1.1.0",
    "scope": "site",
    "minimumPubliiVersion": "0.45.0",
    "assets": {
        "front": []
    },
    "messageInOptions": {
        "type": "info",
        "text": "This plugin displays estimated reading time on posts and pages. <a href=\"https://getpublii.com/docs/reading-time.html\" target=\"_target\">Read full documentation</a>."
    },
    "config": [
        {
            "name": "contentSelector",
            "label": "Content container selector",
            "group": "Selectors",
            "type": "text",
            "value": ".content__entry",
            "note": "One or more selectors (comma-separated). Each selector may include multiple classes, e.g. .entry-wrapper.content__entry. Reading time is computed ONLY from the matched containers; if nothing matches, the plugin falls back to article, then main, then body elements."
        },
        {
            "name": "excludeSelector",
            "label": "Exclude selector",
            "group": "Selectors",
            "type": "text",
            "value": ".post__toc, .content__footer",
            "note": "Comma-separated selectors to ignore while counting. Accepts HTML tags (e.g., p, blockquote, ul, figure, figcaption), classes (.post__toc), and IDs (#sidebar)."
        },
        {
            "name": "targetSelector",
            "label": "Target selector",
            "group": "Selectors",
            "type": "text",
            "value": ".content__meta",
            "note": "One or more selectors (comma-separated). The first matching element in the rendered HTML is used as the anchor for insertion. If no match is found, the label is not injected and a warning is logged."
        },
        {
            "name": "insertMode",
            "label": "Insert mode",
            "group": "Selectors",
            "type": "select",
            "value": "append",
            "options": [
                {
                    "value": "after",
                    "label": "after"
                },
                {
                    "value": "before",
                    "label": "before"
                },
                {
                    "value": "append",
                    "label": "append"
                },
                {
                    "value": "prepend",
                    "label": "prepend"
                }
            ],
            "note": "Controls where the label is placed relative to the element matched by Target selector. For non-void elements: before/after insert outside; prepend/append insert inside. For void elements (e.g., img, br) prepend/append behave like before/after. If the target is inline (e.g., a, span) and the wrapper is a block (e.g., div), prepend/append are automatically flipped to before/after to keep valid HTML."
        },
        {
            "name": "wrapperTag",
            "label": "Wrapper tag",
            "group": "Selectors",
            "type": "text",
            "value": "span",
            "note": "The HTML tag that wraps the reading-time label. Use whatever fits your theme's structure, like span or div. Some tags are blocked for security (script, style, iframe, etc.) and will default to div."
        },
        {
            "name": "className",
            "label": "CSS class",
            "group": "Selectors",
            "type": "text",
            "value": "reading-time",
            "note": "A custom CSS class applied to the inserted label, so you can style it however you like in your theme. Supports multiple space-separated classes (up to 10). Only letters, numbers, hyphens, and underscores are allowed."
        },
        {
            "name": "wordsPerMinute",
            "label": "Words per minute",
            "group": "Counting",
            "type": "number",
            "value": 210,
            "min": 60,
            "max": 600,
            "note": "The average reading speed to base the calculation on. 210 words per minute works well for most readers."
        },
        {
            "name": "countImages",
            "label": "Count images",
            "group": "Counting",
            "type": "checkbox",
            "value": false,
            "note": "If enabled, each image adds a few extra seconds to the total reading time."
        },
        {
            "name": "secondsPerImage",
            "label": "Seconds per image",
            "group": "Counting",
            "type": "number",
            "value": 12,
            "min": 0,
            "max": 120,
            "dependencies": [
                {
                    "field": "countImages",
                    "value": true
                }
            ],
            "note": "How many seconds each image adds to the reading-time estimate."
        },
        {
            "name": "countAltText",
            "label": "Count image alt text",
            "group": "Counting",
            "type": "checkbox",
            "value": false,
            "note": "When turned on, words found in image alt attributes are included in the word count."
        },
        {
            "name": "countVideos",
            "label": "Count videos",
            "group": "Counting",
            "type": "checkbox",
            "value": false,
            "note": "If enabled, videos inside the post will also contribute to the total time."
        },
        {
            "name": "secondsPerVideo",
            "label": "Seconds per video",
            "group": "Counting",
            "type": "number",
            "value": 20,
            "min": 0,
            "max": 600,
            "dependencies": [
                {
                    "field": "countVideos",
                    "value": true
                }
            ],
            "note": "How many seconds each video (and, if enabled below, each iframe) adds to the reading-time estimate."
        },
        {
            "name": "countIframesAsVideo",
            "label": "Count iframes as video",
            "group": "Counting",
            "type": "checkbox",
            "value": false,
            "note": "Treat 'iframe' elements (e.g., YouTube embeds) as videos for the time estimation. Uses the 'Seconds per video' value."
        },
        {
            "name": "rounding",
            "label": "Rounding",
            "group": "Counting",
            "type": "select",
            "value": "ceil",
            "options": [
                {
                    "value": "ceil",
                    "label": "ceil"
                },
                {
                    "value": "round",
                    "label": "round"
                },
                {
                    "value": "floor",
                    "label": "floor"
                }
            ],
            "note": "Controls how the total minutes are rounded — up (ceil), down (floor), or to the nearest whole number (round)."
        },
        {
            "name": "minMinutes",
            "label": "Minimum minutes (0 disables)",
            "group": "Counting",
            "type": "number",
            "value": 1,
            "min": 0,
            "max": 120,
            "note": "The minimum number of minutes that can be displayed. Set to 0 if you don't want a minimum."
        },
        {
            "name": "maxMinutes",
            "label": "Maximum minutes (0 disables)",
            "group": "Counting",
            "type": "number",
            "value": 0,
            "min": 0,
            "max": 600,
            "note": "The maximum number of minutes that can be displayed. Set to 0 if you don't want a limit."
        },
        {
            "name": "separatorPlural",
            "type": "separator",
            "label": "",
            "group": "Plural",
            "note": "Label is selected automatically based on the rounded minutes (after rounding and min/max): 1 → one, 2–4 → few, ≥5 → many; otherwise other. Placeholders: {m} = rounded whole minutes; {exact} = exact minutes with one decimal (e.g., 2.3); {sec} = total seconds (rounded). Placeholders work in all plural fields and in the '< 1 minute text'. Unused placeholders remain unchanged.",
            "size": "no-line"
        },
        {
            "name": "lessThanMinute",
            "label": "< 1 minute text",
            "group": "Plural",
            "type": "text",
            "value": "less than a minute",
            "note": "Shown when the estimated reading time is below one minute. You can use {sec} and {exact}."
        },
        {
            "name": "plural.one",
            "label": "Plural: one",
            "group": "Plural",
            "type": "text",
            "value": "{m} min read",
            "note": "Used when minutes = 1."
        },
        {
            "name": "plural.few",
            "label": "Plural: few",
            "group": "Plural",
            "type": "text",
            "value": "{m} min read",
            "note": "Used when minutes = 2–4."
        },
        {
            "name": "plural.many",
            "label": "Plural: many",
            "group": "Plural",
            "type": "text",
            "value": "{m} min read",
            "note": "Used when minutes ≥ 5."
        },
        {
            "name": "plural.other",
            "label": "Plural: other",
            "group": "Plural",
            "type": "text",
            "value": "{m} min read",
            "note": "Fallback if none of the above matched."
        },
        {
            "name": "enableOnPost",
            "label": "Enable on posts",
            "group": "Behavior",
            "type": "checkbox",
            "value": true,
            "note": "Display the reading-time label on single post pages."
        },
        {
            "name": "enableOnPage",
            "label": "Enable on pages",
            "group": "Behavior",
            "type": "checkbox",
            "value": false,
            "note": "Display the label on static content pages such as About or Contact."
        },
        {
            "name": "debug",
            "label": "Debug logs",
            "group": "Behavior",
            "type": "checkbox",
            "value": false,
            "note": "When enabled, prints detailed logs in the Log Viewer tool, exactly in rendering-process.log."
        }
    ]
}