{
    "name": "Security Txt Generator",
    "description": "This plugin generates a security.txt file with user input data",
    "license": "GPL-3.0",
    "author": "TidyCsutoms",
    "version": "1.0.0",
    "scope": "site",
    "minimumPubliiVersion": "0.42.2",
    "assets": {
        "front": []
    },
    "messageInOptions": {
        "type": "info",
        "text": "To generate a security.txt file, please fill out the necessary information in the fields below and hit 'Save'. The security.txt file will be generated in your theme's root directory."
    },
    "config": [
        {
            "name": "contactInformation",
            "label": "Contact Information",
            "group": "Required options",
            "value": "",
            "placeholder": "Contact Email or Phone",
            "type": "text",
            "note": "Indicates a method for reporting security vulnerabilities such as an email address, a phone number, and/or a web page with contact information. If it's a web URI, it must start with 'https://'."
        },
        {
            "name": "expires",
            "label": "Expires",
            "group": "Required options",
            "value": "",
            "placeholder": "Expiration date for the information in the security.txt file",
            "type": "date",
            "note": "Indicates the expiration date/time after which the 'security.txt' file is deemed outdated. The date is in [ISO.8601] format with time automatically set to 00:00."
        },
        {
            "name": "encryption",
            "label": "Encryption",
            "group": "Optional options",
            "value": "",
            "placeholder": "https://example.com/pgp-key.txt",
            "type": "text",
            "note": "Indicates an encryption key for encrypted communication. The value must be a URI pointing to a location where the key can be retrieved. If it's a web URI, it must start with 'https://'. It's the researcher's responsibility to verify the key's authenticity."
        },
        {
            "name": "acknowledgments",
            "label": "Acknowledgments",
            "group": "Optional options",
            "value": "",
            "placeholder": "URL to your acknowledgments page",
            "type": "text",
            "note": "Indicates a link to a page where security researchers are recognized for their reports. If it's a web URI, it must start with 'https://'. The page should list security researchers that reported security vulnerabilities and collaborated to remediate them."
        },
        {
            "name": "policy",
            "label": "Policy",
            "group": "Optional options",
            "value": "",
            "placeholder": "https://example.com/security-policy.html",
            "type": "text",
            "note": "Indicates a link to the vulnerability disclosure policy. This can help security researchers understand the organization's vulnerability reporting practices. If it's a web URI, it must start with 'https://'."
        },
        {
            "name": "hiring",
            "label": "Hiring",
            "group": "Optional options",
            "value": "",
            "placeholder": "URL to your hiring page",
            "type": "text",
            "note": "Used for linking to the vendor's security-related job positions. If it's a web URI, it must start with 'https://'."
        },
        {
            "name": "signature",
            "label": "Signature",
            "group": "Optional options",
            "value": "",
            "placeholder": "URL to the signature file",
            "type": "text",
            "note": "Refers to an external signature file that allows verification of the security.txt file. If it's a web URI, it must start with 'https://'. It must be a URI pointing to a 'signature.asc' file, which should be the detached signature of the 'security.txt' file."
        },
        {
            "name": "canonical",
            "label": "Canonical",
            "group": "Optional options",
            "value": true,
            "type": "checkbox",
            "note": "This field indicates the canonical URI where the 'security.txt' file is located. In our case, the file is always located in the root directory of the site, e.g., 'https://example.com/security.txt'."
        },
        {
            "name": "preferredLanguages",
            "label": "Preferred Languages",
            "group": "Optional options",
            "value": "",
            "placeholder": "en, es, fr",
            "type": "text",
            "note": "Used to indicate a set of natural languages that are preferred when submitting security reports. Languages should be listed in order of preference and separated by commas."
        },
        {
            "name": "separator",
            "type": "separator",
            "label": " ",
            "group": "Optional options",
            "size": "medium thin"
        },
          {
            "name": "additionalDirectives",
            "label": "Additional Directives",
            "group": "Optional options",
            "type": "repeater",
            "value": [],
            "translations": {
                "addItem": "Add Additional Directive",
                "duplicateItem": "Duplicate",
                "emptyState": "Click the button below to add an additional directive.",
                "removeItem": "Delete"
            },
            "structure": [
                {
                    "name": "name",
                    "label": "Name",
                    "type": "text",
                    "value": "",
                    "width": 30
                },
                {
                    "name": "value",
                    "label": "Value",
                    "type": "text",
                    "value": "",
                    "width": 70
                }
            ]
        } 
    ]
}