{
	"name": "Page Prefetching",
	"description": "This plugin leverages Quicklinks to enhance page loading speed on subsequent navigations.",
	"license": "GPL-3.0",
	"author": "TidyCustoms",
	"version": "1.1.0",
	"scope": "site",
	"minimumPubliiVersion": "0.40.0",
	"assets": {
		"front": [
			"quicklink.umd.js"
		]
	},
	"config": [
		{
			"name": "prerender",
			"label": "Prerendering mode",
			"value": false,
			"type": "checkbox",
			"note": "Enable prerendering for links in the viewport. Falls back to prefetching if the browser does not support prerendering."
		},
		{
			"name": "el",
			"label": "DOM Element to Observe",
			"value": "body",
			"type": "text",
			"note": "Specify the HTML element to monitor for links that are visible in the viewport. You can use a class, ID, or a specific HTML tag. For example, you could use a class like '.my-class', an ID like '#my-id', or a tag like 'body'. If you don't set anything, it will automatically watch the entire page using 'body' as the default."
		},
		{
			"name": "delay",
			"label": "Delay in milliseconds",
			"value": 0,
			"type": "number",
			"note": "Set the duration a link must remain in the viewport before it is prefetched."
		},
		{
			"name": "limit",
			"label": "Total Requests Limit",
			"value": "Infinity",
			"type": "number",
			"note": "Define the maximum number of prefetch requests allowed for the specified container."
		},
		{
			"name": "throttle",
			"label": "Concurrency Limit",
			"value": "Infinity",
			"type": "number",
			"note": "Set the maximum number of simultaneous prefetch requests for the observed container."
		},
		{
			"name": "timeout",
			"label": "Timeout in milliseconds",
			"value": 2000,
			"type": "number",
			"note": "Specify the timeout for the requestIdleCallback, controlling when prefetching occurs."
		}
	]
}