{
    "name": "Google Custom Search",
    "description": "This plugin lets site owners easily add Google's Custom Search Engine to their site.",
    "license": "GPL-3.0",
    "author": "TidyCustoms",
    "version": "1.0.1",
    "scope": "site",
    "minimumPubliiVersion": "0.40.0",
    "usePluginSettingsView": false,
    "messageInOptions": {
        "type": "info",
        "text": "To use the search feature, make sure that both 'Search' and 'Search subpage' options are enabled in the Theme settings under the Search tab."
    },
    "requiredFeatures": ["customSearch"],
    "config": [
        {
            "name": "searchId",
            "label": "Search engine ID",
            "note": "For more information on how to find your Search engine ID, please visit the plugin's <a href='https://getpublii.com/docs/google-custom-search.html' target='_blank'>documentation.</a>",
            "group": "Search configuration",
            "value": "",
            "type": "text"
        },
        {
            "name": "searchParam",
            "label": "Search parameter",
            "note": "You can change the default \"q\" search parameter if desired; recommended only for advanced users.",
            "group": "Search configuration",
            "value": "q",
            "type": "text"
        },
        {
            "name": "searchPlaceholder",
            "label": "Input placeholder",
            "note": "",
            "group": "Theme integration",
            "value": "search...",
            "type": "text"
        },
        {
            "name": "searchAutofocus",
            "label": "Autofocus",
            "group": "Theme integration",
            "note": "When enabled, the autofocus attribute will be added to the input field to tell the browser to focus on this field when the page loads.",
            "value": false,
            "type": "checkbox"
        },
        {
            "name": "searchSubmitButtonInBox",
            "label": "Submit button",
            "note": "Displays the submit button in the search box. Please note that your currently-used theme may require some minor CSS customization in order to display the button correctly.",
            "group": "Theme integration",
            "value": false,
            "type": "checkbox"
        },
        {
            "name": "searchSubmitButtonOnPage",
            "label": "",
            "note": "Displays the submit button on the search results page.",
            "group": "Theme integration",
            "value": true,
            "type": "checkbox"
        },
        {
            "name": "searchSubmitLabel",
            "label": "Submit button label",
            "note": "",
            "group": "Theme integration",
            "value": "Submit",
            "type": "text"
        },
        {
            "name": "cookieBannerIntegration",
            "label": "",
            "note": "Enabling this option will integrate this plugin with Publii's native Cookie Banner, allowing visitors to consent to cookies installed by Google. This option is recommended if you want to ensure compliance with privacy regulations.",
            "group": "Cookie Banner integration",
            "type": "checkbox",
            "value": false
        },
        {
            "name": "cookieBannerGroup",
            "label": "Cookie Group ID",
            "note": "Please specify which Cookie Group ID of the Cookie Banner you wish to associate with the Google Custom Search script. If it does not exists, add a new Cookie Group Name with the Cookie Group ID specified above in the Privacy Settings section of the Site Settings. For more details please visit our  <a href='https://getpublii.com/docs/gdpr-cookie-banner-configuration.html#cookie-groups' target='_blank' rel='nofollow noopener noreferrer'> documentation.</a>",
            "group": "Cookie Banner integration",
            "placeholder": "functionality",
            "type": "text",
            "value": "",
            "dependencies": [
                {
                    "field": "cookieBannerIntegration",
                    "value": true
                }
            ]
        },
        {
            "name": "cookieBannerNoConsentText",
            "label": "Fallback message",
            "note": "Customize the message that appears when the user has not consented to use Google Custom Search scripts.",
            "group": "Cookie Banner integration",
            "rows": 3,
            "type": "textarea",
            "value": "The search results are disabled because you have not consented to their use. You can change your cookie preferences through our 'cookie banner'.",
            "dependencies": [
                {
                    "field": "cookieBannerIntegration",
                    "value": true
                }
            ]
        }
    ]
}