{
    "name": "Email Address Obfuscation",
    "description": "This Publii plugin obfuscates email addresses and mailto links, making them harder for bots to harvest. Options include text replacement, reverse character order, or ROT18 encryption.",
    "license": "GPL-3.0",
    "author": "YourName",
    "version": "1.0.0",
     "scope": "site",
    "minimumPubliiVersion": "0.44.0",
    "config": [
        {
            "name": "globalObfuscation",
            "label": "Global Email Obfuscation",
            "type": "checkbox",
            "value": true,
            "group": "General",
            "note": "When enabled, all emails across the entire website, including both raw emails and mailto links, will be obfuscated. When disabled, you must specify emails to obfuscate in the 'Emails to Obfuscate' field."
        },
        {
            "name": "specificEmailsList",
            "label": "Emails to Obfuscate",
            "type": "textarea",
            "value": "",
            "group": "General",
            "note": "Enter one email per line.",
            "dependencies": [
                {
                    "field": "globalObfuscation",
                    "value": false
                }
            ]
        },
        {
            "name": "obfuscationMethod",
            "label": "Obfuscation Method",
             "type": "radio",
             "value": "reverse",
            "options": [
                {
                    "value": "reverse",
                    "label": "Reverse"
                },
                {
                   "value": "rot18",
                  "label": "ROT18"
               },
                {
                   "value": "replace",
                   "label": "Replace with Text"
                }
           ],
            "group": "Obfuscation",
          "note": "Choose how you'd like to protect email addresses on your site: <br><br><strong>- Reverse:</strong> This method scrambles email addresses by reversing the order of characters. It's a good way to hide emails from spambots, but requires JavaScript to display the addresses correctly for your visitors. <br><br><strong>- ROT18:</strong> Encodes email addresses using a ROT18 cipher, which shifts each alphanumeric character by 18 positions (and by 5 for numbers). A dedicated JavaScript is required on the frontend for proper deobfuscation. This technique enhances email privacy in comparison with reverse. <br><br><strong>- Replace with Text:</strong> This option swaps out the '@' and '.' symbols with custom text, like ' AT ' and ' DOT '. It's done during site generation, so it works without JavaScript. Emails will appear differently, but still readable to people."
        },
         {
            "name": "atReplacement",
            "label": "Replacement for @",
           "type": "text",
           "value": "AT",
           "group": "Obfuscation",
            "note": "The text that will replace the <strong style=\"color: var(--link-primary-color)\">@</strong> symbol in the email address.",
           "dependencies": [
                 {
                   "field": "obfuscationMethod",
                     "value": "replace"
                 }
           ]
        },
        {
           "name": "dotReplacement",
            "label": "Replacement for .",
            "type": "text",
            "value": "DOT",
           "group": "Obfuscation",
            "note": "The text that will replace the <strong style=\"color: var(--link-primary-color)\">.</strong> symbol in the email address.",
           "dependencies": [
               {
                    "field": "obfuscationMethod",
                    "value": "replace"
               }
           ]
       }
    ]
}