{
	"name": "Hyvor Talk Comments",
	"description": "This plugin lets site owners easily add Hyvor Talk comments to their sites.",
	"license": "GPL-3.0",
	"author": "TidyCustoms",
	"version": "2.0.0",
	"scope": "site",
	"minimumPubliiVersion": "0.46.0",
	"usePluginSettingsView": false,
    "messageInOptions": {
        "type": "alert",
        "text": "Comments are disabled by default. If you want to allow comments on your entries, make sure the 'Comments' option is enabled in the Post Options or Page Options sections of the Theme settings or, for individual entries, in edit mode via the 'Other Options' section."
    },
    "config": [
    	{
            "name": "websiteId",
            "label": "Website ID",
            "group": "Comments configuration",
            "note": "Your website ID. <a href='https://talk.hyvor.com/console/account/add-website' target='_blank' rel='nofollow noopener noreferrer'>Create a New Website ID</a>.",
            "value": "",
            "type": "text"
        },
        {
            "name": "textHeader",
            "label": "Header title",
            "group": "Theme integration",
            "note":  "Customize the standard ‘Comments’ text displayed above the comment form",
            "type": "text",
            "value": "Comments"
        },
        {
            "name": "headingLevel",
            "label": "Heading level",
            "group": "Theme integration",
            "note":  "Set the heading level for the Header title",
            "type": "radio",
            "value": "2",
            "options": [
                {
                    "label": "H2",
                    "value": "2"
                },
                {
                    "label": "H3",
                    "value": "3"
                },
                {
                    "label": "H4",
                    "value": "4"
                },
                {
                    "label": "H5",
                    "value": "5"
                },
                {
                    "label": "H6",
                    "value": "6"
                }
            ]
        },
        {
            "name": "textFallback",
            "label": "Fallback message",
            "group": "Theme integration",
            "note":  "Customize the fallback message to be displayed to users that have disabled scripts in their browser or have a browser that doesn't support scripts.",
            "rows": 3,
            "type": "textarea",
            "value": "Please enable JS to use the comments form."
        },
        {
            "name": "cssWrapperClass",
            "label": "Comments wrapper",
            "group": "Theme integration",
            "note":  "Customize a CSS class for the comments wrapper",
            "value": "comments",
            "type": "text"
        },
        {
            "name": "cssInnerWrapperClass",
            "label": "Comments inner wrapper",
            "group": "Theme integration",
            "note":  "Customize a CSS class for the inner comments wrapper",
            "value": "comments-wrapper",
            "type": "text"
        },
        {
            "name": "cssHeaderClass",
            "label": "Comments heading",
            "group": "Theme integration",
            "note":  "Add an additional CSS class for the heading element",
            "placeholder": "small",
            "value": "",
            "type": "text"
        },
        {
            "name": "lazyload",
            "label": "Lazy load",
            "note": "Enable this option if you want to preload Hyvor Talk scripts when users scroll down the page to the comments area.",
            "group": "Advanced options",
            "type": "checkbox",
            "value": true
        },
        {
            "name": "cookieBannerIntegration",
            "label": "",
            "note": "Enabling this option will integrate this plugin with Publii's native Cookie Banner, allowing visitors to consent to cookies installed by Hyvor Talk. This option is recommended if you want to ensure compliance with privacy regulations.",
            "group": "Cookie Banner integration",
            "type": "checkbox",
            "value": false
        },
        {
            "name": "cookieBannerGroup",
            "label": "Cookie Group ID",
            "note": "Please specify which Cookie Group ID of the Cookie Banner you wish to associate with the Hyvor Talk script. If it does not exists, add a new Cookie Group Name with the Cookie Group ID specified above in the Privacy Settings section of the Site Settings. For more details please visit our  <a href='https://getpublii.com/docs/gdpr-cookie-banner-configuration.html#cookie-groups' target='_blank' rel='nofollow noopener noreferrer'> documentation.</a>",
            "group": "Cookie Banner integration",
            "placeholder": "comments",
            "type": "text",
            "value": "",
            "dependencies": [
                {
                    "field": "cookieBannerIntegration",
                    "value": true
                }
            ]
        },
        {
            "name": "cookieBannerNoConsentText",
            "label": "Fallback message",
            "note": "Customize the message that appears when the user has not consented to use Hyvor Talk scripts.",
            "group": "Cookie Banner integration",
            "rows": 3,
            "type": "textarea",
            "value": "Comments are disabled because you have not consented to their use. You can change your cookie preferences through our 'cookie banner'.",
            "dependencies": [
                {
                    "field": "cookieBannerIntegration",
                    "value": true
                }
            ]
        }
    ]
}